"","DESC_UNIDAD_RESPONSABLE","sex","niv_sueldo","n()"
"1","Agencia de Atención Animal De La Ciudad De México","H",1,25
"2","Agencia de Atención Animal De La Ciudad De México","H",2,3
"3","Agencia de Atención Animal De La Ciudad De México","H",4,1
"4","Agencia de Atención Animal De La Ciudad De México","M",1,44
"5","Agencia de Atención Animal De La Ciudad De México","M",2,2
"6","Agencia de Atención Animal De La Ciudad De México",NA,1,3
"7","Agencia de Atención Animal De La Ciudad De México",NA,2,1
"8","Agencia de Protección Sanitaria","H",1,26
"9","Agencia de Protección Sanitaria","H",2,22
"10","Agencia de Protección Sanitaria","H",4,1
"11","Agencia de Protección Sanitaria","M",1,22
"12","Agencia de Protección Sanitaria","M",2,21
"13","Agencia de Protección Sanitaria",NA,1,2
"14","Agencia de Protección Sanitaria",NA,2,1
"15","Agencia Digital de Innovación Pública (ADIP)","H",1,255
"16","Agencia Digital de Innovación Pública (ADIP)","H",2,72
"17","Agencia Digital de Innovación Pública (ADIP)","H",3,17
"18","Agencia Digital de Innovación Pública (ADIP)","H",4,3
"19","Agencia Digital de Innovación Pública (ADIP)","H",5,2
"20","Agencia Digital de Innovación Pública (ADIP)","M",1,328
"21","Agencia Digital de Innovación Pública (ADIP)","M",2,54
"22","Agencia Digital de Innovación Pública (ADIP)","M",3,9
"23","Agencia Digital de Innovación Pública (ADIP)","M",4,1
"24","Agencia Digital de Innovación Pública (ADIP)",NA,1,16
"25","Agencia Digital de Innovación Pública (ADIP)",NA,2,3
"26","Agencia Digital de Innovación Pública (ADIP)",NA,3,2
"27","Alcaldía Álvaro Obregón","H",1,3529
"28","Alcaldía Álvaro Obregón","H",2,102
"29","Alcaldía Álvaro Obregón","H",3,17
"30","Alcaldía Álvaro Obregón","H",4,8
"31","Alcaldía Álvaro Obregón","H",5,1
"32","Alcaldía Álvaro Obregón","M",1,2233
"33","Alcaldía Álvaro Obregón","M",2,68
"34","Alcaldía Álvaro Obregón","M",3,12
"35","Alcaldía Álvaro Obregón","M",4,5
"36","Alcaldía Álvaro Obregón",NA,1,107
"37","Alcaldía Álvaro Obregón",NA,2,8
"38","Alcaldía Álvaro Obregón",NA,4,1
"39","Alcaldía Azcapotzalco","H",1,2712
"40","Alcaldía Azcapotzalco","H",2,74
"41","Alcaldía Azcapotzalco","H",3,11
"42","Alcaldía Azcapotzalco","H",4,6
"43","Alcaldía Azcapotzalco","H",5,1
"44","Alcaldía Azcapotzalco","M",1,1980
"45","Alcaldía Azcapotzalco","M",2,54
"46","Alcaldía Azcapotzalco","M",3,8
"47","Alcaldía Azcapotzalco","M",4,4
"48","Alcaldía Azcapotzalco",NA,1,108
"49","Alcaldía Azcapotzalco",NA,2,4
"50","Alcaldía Azcapotzalco",NA,4,1
"51","Alcaldía Benito Juárez","H",1,3491
"52","Alcaldía Benito Juárez","H",2,95
"53","Alcaldía Benito Juárez","H",3,17
"54","Alcaldía Benito Juárez","H",4,4
"55","Alcaldía Benito Juárez","H",5,1
"56","Alcaldía Benito Juárez","M",1,2139
"57","Alcaldía Benito Juárez","M",2,60
"58","Alcaldía Benito Juárez","M",3,3
"59","Alcaldía Benito Juárez","M",4,2
"60","Alcaldía Benito Juárez",NA,1,137
"61","Alcaldía Benito Juárez",NA,2,3
"62","Alcaldía Coyoacán","H",1,3774
"63","Alcaldía Coyoacán","H",2,94
"64","Alcaldía Coyoacán","H",3,12
"65","Alcaldía Coyoacán","H",4,8
"66","Alcaldía Coyoacán","H",5,2
"67","Alcaldía Coyoacán","M",1,2602
"68","Alcaldía Coyoacán","M",2,76
"69","Alcaldía Coyoacán","M",3,5
"70","Alcaldía Coyoacán","M",4,2
"71","Alcaldía Coyoacán",NA,1,149
"72","Alcaldía Coyoacán",NA,2,8
"73","Alcaldía Cuajimalpa De Morelos","H",1,2129
"74","Alcaldía Cuajimalpa De Morelos","H",2,67
"75","Alcaldía Cuajimalpa De Morelos","H",3,17
"76","Alcaldía Cuajimalpa De Morelos","H",4,3
"77","Alcaldía Cuajimalpa De Morelos","H",5,1
"78","Alcaldía Cuajimalpa De Morelos","M",1,1948
"79","Alcaldía Cuajimalpa De Morelos","M",2,30
"80","Alcaldía Cuajimalpa De Morelos","M",3,3
"81","Alcaldía Cuajimalpa De Morelos","M",4,2
"82","Alcaldía Cuajimalpa De Morelos",NA,1,72
"83","Alcaldía Cuajimalpa De Morelos",NA,2,4
"84","Alcaldía Cuajimalpa De Morelos",NA,3,1
"85","Alcaldía Cuauhtémoc","H",1,5196
"86","Alcaldía Cuauhtémoc","H",2,104
"87","Alcaldía Cuauhtémoc","H",3,12
"88","Alcaldía Cuauhtémoc","H",4,6
"89","Alcaldía Cuauhtémoc","H",5,1
"90","Alcaldía Cuauhtémoc","M",1,3693
"91","Alcaldía Cuauhtémoc","M",2,80
"92","Alcaldía Cuauhtémoc","M",3,13
"93","Alcaldía Cuauhtémoc","M",4,3
"94","Alcaldía Cuauhtémoc",NA,1,177
"95","Alcaldía Cuauhtémoc",NA,2,4
"96","Alcaldía Cuauhtémoc",NA,3,1
"97","Alcaldía Gustavo A. Madero","H",1,5725
"98","Alcaldía Gustavo A. Madero","H",2,133
"99","Alcaldía Gustavo A. Madero","H",3,28
"100","Alcaldía Gustavo A. Madero","H",4,11
"101","Alcaldía Gustavo A. Madero","H",5,1
"102","Alcaldía Gustavo A. Madero","M",1,4253
"103","Alcaldía Gustavo A. Madero","M",2,94
"104","Alcaldía Gustavo A. Madero","M",3,8
"105","Alcaldía Gustavo A. Madero","M",4,3
"106","Alcaldía Gustavo A. Madero",NA,1,194
"107","Alcaldía Gustavo A. Madero",NA,2,1
"108","Alcaldía Iztacalco","H",1,2945
"109","Alcaldía Iztacalco","H",2,86
"110","Alcaldía Iztacalco","H",3,10
"111","Alcaldía Iztacalco","H",4,5
"112","Alcaldía Iztacalco","H",5,1
"113","Alcaldía Iztacalco","M",1,2220
"114","Alcaldía Iztacalco","M",2,49
"115","Alcaldía Iztacalco","M",3,9
"116","Alcaldía Iztacalco","M",4,1
"117","Alcaldía Iztacalco",NA,1,119
"118","Alcaldía Iztacalco",NA,2,2
"119","Alcaldía Iztapalapa","H",1,6679
"120","Alcaldía Iztapalapa","H",2,131
"121","Alcaldía Iztapalapa","H",3,9
"122","Alcaldía Iztapalapa","H",4,6
"123","Alcaldía Iztapalapa","M",1,5002
"124","Alcaldía Iztapalapa","M",2,83
"125","Alcaldía Iztapalapa","M",3,11
"126","Alcaldía Iztapalapa","M",4,2
"127","Alcaldía Iztapalapa","M",5,1
"128","Alcaldía Iztapalapa",NA,1,248
"129","Alcaldía Iztapalapa",NA,2,7
"130","Alcaldía Iztapalapa",NA,3,1
"131","Alcaldía La Magdalena Contreras","H",1,1998
"132","Alcaldía La Magdalena Contreras","H",2,98
"133","Alcaldía La Magdalena Contreras","H",3,6
"134","Alcaldía La Magdalena Contreras","H",4,5
"135","Alcaldía La Magdalena Contreras","M",1,1575
"136","Alcaldía La Magdalena Contreras","M",2,56
"137","Alcaldía La Magdalena Contreras","M",3,2
"138","Alcaldía La Magdalena Contreras","M",4,3
"139","Alcaldía La Magdalena Contreras","M",5,1
"140","Alcaldía La Magdalena Contreras",NA,1,67
"141","Alcaldía La Magdalena Contreras",NA,2,2
"142","Alcaldía Miguel Hidalgo","H",1,3097
"143","Alcaldía Miguel Hidalgo","H",2,142
"144","Alcaldía Miguel Hidalgo","H",3,3
"145","Alcaldía Miguel Hidalgo","H",4,10
"146","Alcaldía Miguel Hidalgo","H",5,1
"147","Alcaldía Miguel Hidalgo","M",1,1780
"148","Alcaldía Miguel Hidalgo","M",2,97
"149","Alcaldía Miguel Hidalgo","M",3,5
"150","Alcaldía Miguel Hidalgo","M",4,1
"151","Alcaldía Miguel Hidalgo",NA,1,72
"152","Alcaldía Miguel Hidalgo",NA,2,9
"153","Alcaldía Miguel Hidalgo",NA,4,1
"154","Alcaldía Milpa Alta","H",1,2046
"155","Alcaldía Milpa Alta","H",2,79
"156","Alcaldía Milpa Alta","H",3,8
"157","Alcaldía Milpa Alta","H",4,3
"158","Alcaldía Milpa Alta","H",5,1
"159","Alcaldía Milpa Alta","M",1,1555
"160","Alcaldía Milpa Alta","M",2,37
"161","Alcaldía Milpa Alta","M",3,7
"162","Alcaldía Milpa Alta","M",4,2
"163","Alcaldía Milpa Alta",NA,1,105
"164","Alcaldía Milpa Alta",NA,2,3
"165","Alcaldía Milpa Alta",NA,4,1
"166","Alcaldía Tláhuac","H",1,2512
"167","Alcaldía Tláhuac","H",2,75
"168","Alcaldía Tláhuac","H",3,19
"169","Alcaldía Tláhuac","H",4,4
"170","Alcaldía Tláhuac","H",5,1
"171","Alcaldía Tláhuac","M",1,2265
"172","Alcaldía Tláhuac","M",2,50
"173","Alcaldía Tláhuac","M",3,7
"174","Alcaldía Tláhuac","M",4,3
"175","Alcaldía Tláhuac",NA,1,98
"176","Alcaldía Tláhuac",NA,2,3
"177","Alcaldía Tlalpan","H",1,2932
"178","Alcaldía Tlalpan","H",2,92
"179","Alcaldía Tlalpan","H",3,14
"180","Alcaldía Tlalpan","H",4,5
"181","Alcaldía Tlalpan","M",1,2023
"182","Alcaldía Tlalpan","M",2,67
"183","Alcaldía Tlalpan","M",3,11
"184","Alcaldía Tlalpan","M",4,5
"185","Alcaldía Tlalpan","M",5,1
"186","Alcaldía Tlalpan",NA,1,115
"187","Alcaldía Tlalpan",NA,2,7
"188","Alcaldía Venustiano Carranza","H",1,4479
"189","Alcaldía Venustiano Carranza","H",2,118
"190","Alcaldía Venustiano Carranza","H",3,15
"191","Alcaldía Venustiano Carranza","H",4,5
"192","Alcaldía Venustiano Carranza","H",5,1
"193","Alcaldía Venustiano Carranza","M",1,3607
"194","Alcaldía Venustiano Carranza","M",2,67
"195","Alcaldía Venustiano Carranza","M",3,8
"196","Alcaldía Venustiano Carranza","M",4,1
"197","Alcaldía Venustiano Carranza",NA,1,140
"198","Alcaldía Venustiano Carranza",NA,2,2
"199","Alcaldía Xochimilco","H",1,3257
"200","Alcaldía Xochimilco","H",2,68
"201","Alcaldía Xochimilco","H",3,10
"202","Alcaldía Xochimilco","H",4,5
"203","Alcaldía Xochimilco","H",5,1
"204","Alcaldía Xochimilco","M",1,2137
"205","Alcaldía Xochimilco","M",2,47
"206","Alcaldía Xochimilco","M",3,4
"207","Alcaldía Xochimilco","M",4,3
"208","Alcaldía Xochimilco",NA,1,149
"209","Alcaldía Xochimilco",NA,2,2
"210","Alcaldía Xochimilco",NA,3,3
"211","Autoridad Del Centro Histórico","H",1,22
"212","Autoridad Del Centro Histórico","H",2,7
"213","Autoridad Del Centro Histórico","H",4,2
"214","Autoridad Del Centro Histórico","M",1,24
"215","Autoridad Del Centro Histórico","M",2,3
"216","Autoridad Del Centro Histórico",NA,1,1
"217","Autoridad Del Centro Histórico",NA,4,1
"218","Autoridad Del Centro Histórico",NA,5,1
"219","Caja de previsión de la policía auxiliar","H",1,52
"220","Caja de previsión de la policía auxiliar","H",2,14
"221","Caja de previsión de la policía auxiliar","H",3,3
"222","Caja de previsión de la policía auxiliar","H",4,1
"223","Caja de previsión de la policía auxiliar","M",1,58
"224","Caja de previsión de la policía auxiliar","M",2,8
"225","Caja de previsión de la policía auxiliar",NA,1,4
"226","Caja de previsión de la policía auxiliar",NA,2,1
"227","Caja de previsión de la policía preventiva","H",1,21
"228","Caja de previsión de la policía preventiva","M",1,12
"229","Caja de previsión de la policía preventiva",NA,1,3
"230","Caja de previsión para trabajadores a lista de raya","H",1,27
"231","Caja de previsión para trabajadores a lista de raya","M",1,23
"232","Caja de previsión para trabajadores a lista de raya",NA,1,2
"233","Centro de Comando, Control, Cómputo, Comunicaciones y Contacto Ciudadano (C5)","H",1,175
"234","Centro de Comando, Control, Cómputo, Comunicaciones y Contacto Ciudadano (C5)","H",2,51
"235","Centro de Comando, Control, Cómputo, Comunicaciones y Contacto Ciudadano (C5)","H",3,7
"236","Centro de Comando, Control, Cómputo, Comunicaciones y Contacto Ciudadano (C5)","H",4,2
"237","Centro de Comando, Control, Cómputo, Comunicaciones y Contacto Ciudadano (C5)","H",5,1
"238","Centro de Comando, Control, Cómputo, Comunicaciones y Contacto Ciudadano (C5)","M",1,233
"239","Centro de Comando, Control, Cómputo, Comunicaciones y Contacto Ciudadano (C5)","M",2,29
"240","Centro de Comando, Control, Cómputo, Comunicaciones y Contacto Ciudadano (C5)","M",3,2
"241","Centro de Comando, Control, Cómputo, Comunicaciones y Contacto Ciudadano (C5)","M",4,2
"242","Centro de Comando, Control, Cómputo, Comunicaciones y Contacto Ciudadano (C5)",NA,1,13
"243","Centro de Comando, Control, Cómputo, Comunicaciones y Contacto Ciudadano (C5)",NA,2,2
"244","Comisión de Búsqueda de Personas de La Ciudad De México","H",2,2
"245","Comisión de Búsqueda de Personas de La Ciudad De México","H",3,1
"246","Comisión de Búsqueda de Personas de La Ciudad De México","M",1,2
"247","Comisión de Búsqueda de Personas de La Ciudad De México","M",2,2
"248","Comisión de Búsqueda de Personas de La Ciudad De México","M",3,1
"249","Comisión de Búsqueda de Personas de La Ciudad De México",NA,4,1
"250","Consejería Jurídica y De Servicios Legales","H",1,2053
"251","Consejería Jurídica y De Servicios Legales","H",2,106
"252","Consejería Jurídica y De Servicios Legales","H",3,7
"253","Consejería Jurídica y De Servicios Legales","H",4,6
"254","Consejería Jurídica y De Servicios Legales","H",5,1
"255","Consejería Jurídica y De Servicios Legales","M",1,2384
"256","Consejería Jurídica y De Servicios Legales","M",2,92
"257","Consejería Jurídica y De Servicios Legales","M",3,6
"258","Consejería Jurídica y De Servicios Legales","M",4,2
"259","Consejería Jurídica y De Servicios Legales",NA,1,120
"260","Consejería Jurídica y De Servicios Legales",NA,2,5
"261","Consejería Jurídica y De Servicios Legales",NA,3,1
"262","Consejo de Evaluación Del Desarrollo Social","H",1,9
"263","Consejo de Evaluación Del Desarrollo Social","H",2,7
"264","Consejo de Evaluación Del Desarrollo Social","M",1,6
"265","Consejo de Evaluación Del Desarrollo Social","M",2,5
"266","Consejo Para Prevenir Y Eliminar La Discriminación","H",1,2
"267","Consejo Para Prevenir Y Eliminar La Discriminación","M",1,1
"268","Consejo Para Prevenir Y Eliminar La Discriminación",NA,1,1
"269","Escuela de Administración Pública","H",1,8
"270","Escuela de Administración Pública","H",2,2
"271","Escuela de Administración Pública","M",1,8
"272","Escuela de Administración Pública","M",2,2
"273","Fideicomiso Educación Garantizada","H",1,42
"274","Fideicomiso Educación Garantizada","H",2,8
"275","Fideicomiso Educación Garantizada","H",3,1
"276","Fideicomiso Educación Garantizada","M",1,65
"277","Fideicomiso Educación Garantizada","M",2,5
"278","Fideicomiso Educación Garantizada","M",3,3
"279","Fideicomiso Educación Garantizada","M",4,1
"280","Fideicomiso Educación Garantizada",NA,1,3
"281","Fideicomiso Educación Garantizada",NA,2,2
"282","Fideicomiso Museo De Arte Popular Mexicano","H",1,34
"283","Fideicomiso Museo De Arte Popular Mexicano","H",2,6
"284","Fideicomiso Museo De Arte Popular Mexicano","M",1,19
"285","Fideicomiso Museo De Arte Popular Mexicano","M",2,2
"286","Fideicomiso Museo De Arte Popular Mexicano",NA,1,1
"287","Fideicomiso Museo De Arte Popular Mexicano",NA,4,1
"288","Fideicomiso Museo Del Estanquillo","H",1,1
"289","Fideicomiso Museo Del Estanquillo","H",2,4
"290","Fideicomiso Museo Del Estanquillo","M",1,3
"291","Fideicomiso Museo Del Estanquillo","M",2,1
"292","Fideicomiso Museo Del Estanquillo",NA,2,1
"293","Fideicomiso Museo Del Estanquillo",NA,4,1
"294","Fideicomiso Para La Promoción Y Desarrollo Del Cine Mexicano","H",2,1
"295","Fideicomiso Para La Promoción Y Desarrollo Del Cine Mexicano","H",4,1
"296","Fideicomiso Para La Promoción Y Desarrollo Del Cine Mexicano","M",2,2
"297","Fideicomiso para la Reconstrucción Integral de la Ciudad de México","H",2,2
"298","Fideicomiso para la Reconstrucción Integral de la Ciudad de México","H",3,1
"299","Fideicomiso para la Reconstrucción Integral de la Ciudad de México","M",2,2
"300","Fiscalía General De Justicia","H",1,6906
"301","Fiscalía General De Justicia","H",2,1414
"302","Fiscalía General De Justicia","H",3,363
"303","Fiscalía General De Justicia","H",4,38
"304","Fiscalía General De Justicia","H",5,12
"305","Fiscalía General De Justicia","M",1,5301
"306","Fiscalía General De Justicia","M",2,1187
"307","Fiscalía General De Justicia","M",3,250
"308","Fiscalía General De Justicia","M",4,22
"309","Fiscalía General De Justicia","M",5,9
"310","Fiscalía General De Justicia",NA,1,308
"311","Fiscalía General De Justicia",NA,2,73
"312","Fiscalía General De Justicia",NA,3,16
"313","Fiscalía General De Justicia",NA,4,4
"314","Fondo de desarrollo económico del distrito federal","H",1,5
"315","Fondo de desarrollo económico del distrito federal","M",1,4
"316","Fondo para la Atención y Apoyo a las Víctimas del Delito","H",1,12
"317","Fondo para la Atención y Apoyo a las Víctimas del Delito","H",3,2
"318","Fondo para la Atención y Apoyo a las Víctimas del Delito","H",5,1
"319","Fondo para la Atención y Apoyo a las Víctimas del Delito","M",1,16
"320","Fondo para la Atención y Apoyo a las Víctimas del Delito","M",2,3
"321","Fondo para la Atención y Apoyo a las Víctimas del Delito",NA,1,2
"322","Fondo para la Atención y Apoyo a las Víctimas del Delito",NA,3,1
"323","Heroico Cuerpo De Bomberos","H",1,1722
"324","Heroico Cuerpo De Bomberos","H",2,39
"325","Heroico Cuerpo De Bomberos","H",3,4
"326","Heroico Cuerpo De Bomberos","H",4,1
"327","Heroico Cuerpo De Bomberos","M",1,422
"328","Heroico Cuerpo De Bomberos","M",2,10
"329","Heroico Cuerpo De Bomberos","M",3,2
"330","Heroico Cuerpo De Bomberos",NA,1,59
"331","Heroico Cuerpo De Bomberos",NA,2,1
"332","Instancia Ejecutora Del Sistema Integral De Derechos Humanos","H",1,7
"333","Instancia Ejecutora Del Sistema Integral De Derechos Humanos","H",2,1
"334","Instancia Ejecutora Del Sistema Integral De Derechos Humanos","H",4,1
"335","Instancia Ejecutora Del Sistema Integral De Derechos Humanos","M",1,10
"336","Instancia Ejecutora Del Sistema Integral De Derechos Humanos","M",2,2
"337","Instancia Ejecutora Del Sistema Integral De Derechos Humanos",NA,1,1
"338","Instituto de Educación Media Superior","H",1,23
"339","Instituto de Educación Media Superior","H",2,6
"340","Instituto de Educación Media Superior","M",1,35
"341","Instituto de Educación Media Superior",NA,1,2
"342","Instituto De Estudios Superiores De La Ciudad De México ""Rosario Castellanos""","H",1,92
"343","Instituto De Estudios Superiores De La Ciudad De México ""Rosario Castellanos""","H",2,26
"344","Instituto De Estudios Superiores De La Ciudad De México ""Rosario Castellanos""","H",3,1
"345","Instituto De Estudios Superiores De La Ciudad De México ""Rosario Castellanos""","M",1,130
"346","Instituto De Estudios Superiores De La Ciudad De México ""Rosario Castellanos""","M",2,28
"347","Instituto De Estudios Superiores De La Ciudad De México ""Rosario Castellanos""","M",3,4
"348","Instituto De Estudios Superiores De La Ciudad De México ""Rosario Castellanos""",NA,1,8
"349","Instituto de La Juventud","H",1,32
"350","Instituto de La Juventud","M",1,21
"351","Instituto de La Juventud",NA,1,3
"352","Instituto de las Personas con discapacidad de La Ciudad De México","H",1,3
"353","Instituto de las Personas con discapacidad de La Ciudad De México","M",1,3
"354","Instituto de las Personas con discapacidad de La Ciudad De México",NA,1,1
"355","Instituto de Verificación Administrativa","H",1,1
"356","Instituto de Verificación Administrativa","M",1,1
"357","Instituto del Deporte","H",1,99
"358","Instituto del Deporte","H",2,1
"359","Instituto del Deporte","M",1,112
"360","Instituto del Deporte",NA,1,4
"361","Instituto para la Atención y Prevención de las Adicciones en La Ciudad De México","H",1,10
"362","Instituto para la Atención y Prevención de las Adicciones en La Ciudad De México","H",2,23
"363","Instituto para la Atención y Prevención de las Adicciones en La Ciudad De México","H",3,3
"364","Instituto para la Atención y Prevención de las Adicciones en La Ciudad De México","H",4,1
"365","Instituto para la Atención y Prevención de las Adicciones en La Ciudad De México","M",1,12
"366","Instituto para la Atención y Prevención de las Adicciones en La Ciudad De México","M",2,17
"367","Instituto para la Atención y Prevención de las Adicciones en La Ciudad De México","M",3,1
"368","Instituto para la Atención y Prevención de las Adicciones en La Ciudad De México",NA,2,1
"369","Instituto para la Atención y Prevención de las Adicciones en La Ciudad De México",NA,3,1
"370","Jefatura de Gobierno","H",1,224
"371","Jefatura de Gobierno","H",2,25
"372","Jefatura de Gobierno","H",3,8
"373","Jefatura de Gobierno","H",4,5
"374","Jefatura de Gobierno","H",5,5
"375","Jefatura de Gobierno","M",1,249
"376","Jefatura de Gobierno","M",2,33
"377","Jefatura de Gobierno","M",3,7
"378","Jefatura de Gobierno","M",4,2
"379","Jefatura de Gobierno","M",5,4
"380","Jefatura de Gobierno",NA,1,21
"381","Jefatura de Gobierno",NA,2,5
"382","Jefatura de Gobierno",NA,5,1
"383","Mecanismo de Protección Integral de Personas Defensoras de Derechos Humanos y Periodistas","H",1,1
"384","Mecanismo de Protección Integral de Personas Defensoras de Derechos Humanos y Periodistas","H",2,4
"385","Mecanismo de Protección Integral de Personas Defensoras de Derechos Humanos y Periodistas","M",1,5
"386","Mecanismo de Protección Integral de Personas Defensoras de Derechos Humanos y Periodistas","M",2,4
"387","Mecanismo de Protección Integral de Personas Defensoras de Derechos Humanos y Periodistas",NA,1,2
"388","Mecanismo de Protección Integral de Personas Defensoras de Derechos Humanos y Periodistas",NA,4,1
"389","Órgano Regulador de Transporte","H",1,143
"390","Órgano Regulador de Transporte","H",2,25
"391","Órgano Regulador de Transporte","H",3,4
"392","Órgano Regulador de Transporte","M",1,84
"393","Órgano Regulador de Transporte","M",2,8
"394","Órgano Regulador de Transporte","M",4,1
"395","Órgano Regulador de Transporte",NA,1,7
"396","Órgano Regulador de Transporte",NA,2,3
"397","Planta de Asfalto de la Ciudad De México","H",1,221
"398","Planta de Asfalto de la Ciudad De México","H",2,8
"399","Planta de Asfalto de la Ciudad De México","M",1,65
"400","Planta de Asfalto de la Ciudad De México","M",2,4
"401","Planta de Asfalto de la Ciudad De México",NA,1,4
"402","Planta de Asfalto de la Ciudad De México",NA,4,1
"403","Procuraduría Ambiental Y Del Ordenamiento Territorial","H",1,8
"404","Procuraduría Ambiental Y Del Ordenamiento Territorial","M",1,8
"405","Procuraduría Social","H",1,105
"406","Procuraduría Social","H",2,2
"407","Procuraduría Social","M",1,92
"408","Procuraduría Social",NA,1,6
"409","Secretaría de Administración y Finanzas","H",1,3131
"410","Secretaría de Administración y Finanzas","H",2,497
"411","Secretaría de Administración y Finanzas","H",3,42
"412","Secretaría de Administración y Finanzas","H",4,36
"413","Secretaría de Administración y Finanzas","H",5,2
"414","Secretaría de Administración y Finanzas","M",1,3606
"415","Secretaría de Administración y Finanzas","M",2,387
"416","Secretaría de Administración y Finanzas","M",3,41
"417","Secretaría de Administración y Finanzas","M",4,17
"418","Secretaría de Administración y Finanzas","M",5,2
"419","Secretaría de Administración y Finanzas",NA,1,162
"420","Secretaría de Administración y Finanzas",NA,2,58
"421","Secretaría de Administración y Finanzas",NA,3,6
"422","Secretaría de Administración y Finanzas",NA,4,3
"423","Secretaría de Cultura","H",1,676
"424","Secretaría de Cultura","H",2,75
"425","Secretaría de Cultura","H",3,14
"426","Secretaría de Cultura","H",4,3
"427","Secretaría de Cultura","M",1,533
"428","Secretaría de Cultura","M",2,34
"429","Secretaría de Cultura","M",3,2
"430","Secretaría de Cultura","M",4,1
"431","Secretaría de Cultura",NA,1,51
"432","Secretaría de Cultura",NA,2,27
"433","Secretaría de Cultura",NA,4,2
"434","Secretaría de Cultura",NA,5,1
"435","Secretaría de Desarrollo Económico","H",1,263
"436","Secretaría de Desarrollo Económico","H",2,17
"437","Secretaría de Desarrollo Económico","H",3,8
"438","Secretaría de Desarrollo Económico","H",4,5
"439","Secretaría de Desarrollo Económico","M",1,235
"440","Secretaría de Desarrollo Económico","M",2,21
"441","Secretaría de Desarrollo Económico","M",3,4
"442","Secretaría de Desarrollo Económico","M",4,4
"443","Secretaría de Desarrollo Económico","M",5,1
"444","Secretaría de Desarrollo Económico",NA,1,7
"445","Secretaría de Desarrollo Económico",NA,2,1
"446","Secretaría de Desarrollo Económico",NA,5,1
"447","Secretaría de Desarrollo Urbano y Vivienda","H",1,296
"448","Secretaría de Desarrollo Urbano y Vivienda","H",2,35
"449","Secretaría de Desarrollo Urbano y Vivienda","H",3,6
"450","Secretaría de Desarrollo Urbano y Vivienda","H",4,3
"451","Secretaría de Desarrollo Urbano y Vivienda","H",5,1
"452","Secretaría de Desarrollo Urbano y Vivienda","M",1,353
"453","Secretaría de Desarrollo Urbano y Vivienda","M",2,34
"454","Secretaría de Desarrollo Urbano y Vivienda","M",3,4
"455","Secretaría de Desarrollo Urbano y Vivienda",NA,1,17
"456","Secretaría de Desarrollo Urbano y Vivienda",NA,2,2
"457","Secretaría de Desarrollo Urbano y Vivienda",NA,3,1
"458","Secretaría de Desarrollo Urbano y Vivienda",NA,4,2
"459","Secretaría de Educación, Ciencia, Tecnología e Innovación","H",1,402
"460","Secretaría de Educación, Ciencia, Tecnología e Innovación","H",2,69
"461","Secretaría de Educación, Ciencia, Tecnología e Innovación","H",3,16
"462","Secretaría de Educación, Ciencia, Tecnología e Innovación","H",4,6
"463","Secretaría de Educación, Ciencia, Tecnología e Innovación","H",5,2
"464","Secretaría de Educación, Ciencia, Tecnología e Innovación","M",1,383
"465","Secretaría de Educación, Ciencia, Tecnología e Innovación","M",2,62
"466","Secretaría de Educación, Ciencia, Tecnología e Innovación","M",3,9
"467","Secretaría de Educación, Ciencia, Tecnología e Innovación","M",4,4
"468","Secretaría de Educación, Ciencia, Tecnología e Innovación",NA,1,24
"469","Secretaría de Educación, Ciencia, Tecnología e Innovación",NA,2,5
"470","Secretaría de Educación, Ciencia, Tecnología e Innovación",NA,3,2
"471","Secretaría de Educación, Ciencia, Tecnología e Innovación",NA,5,1
"472","Secretaría de Gestión Integral de Riesgos y Protección Civil","H",1,149
"473","Secretaría de Gestión Integral de Riesgos y Protección Civil","H",2,31
"474","Secretaría de Gestión Integral de Riesgos y Protección Civil","H",3,3
"475","Secretaría de Gestión Integral de Riesgos y Protección Civil","H",4,4
"476","Secretaría de Gestión Integral de Riesgos y Protección Civil","H",5,1
"477","Secretaría de Gestión Integral de Riesgos y Protección Civil","M",1,120
"478","Secretaría de Gestión Integral de Riesgos y Protección Civil","M",2,21
"479","Secretaría de Gestión Integral de Riesgos y Protección Civil","M",4,1
"480","Secretaría de Gestión Integral de Riesgos y Protección Civil","M",5,1
"481","Secretaría de Gestión Integral de Riesgos y Protección Civil",NA,1,5
"482","Secretaría de Gestión Integral de Riesgos y Protección Civil",NA,2,3
"483","Secretaría de Gestión Integral de Riesgos y Protección Civil",NA,4,1
"484","Secretaría de Gobierno","H",1,4717
"485","Secretaría de Gobierno","H",2,115
"486","Secretaría de Gobierno","H",3,15
"487","Secretaría de Gobierno","H",4,16
"488","Secretaría de Gobierno","H",5,2
"489","Secretaría de Gobierno","M",1,4221
"490","Secretaría de Gobierno","M",2,84
"491","Secretaría de Gobierno","M",3,12
"492","Secretaría de Gobierno","M",4,3
"493","Secretaría de Gobierno",NA,1,218
"494","Secretaría de Gobierno",NA,2,5
"495","Secretaría de Gobierno",NA,4,1
"496","Secretaría de Gobierno",NA,5,1
"497","Secretaría de Inclusión y Bienestar Social","H",1,1396
"498","Secretaría de Inclusión y Bienestar Social","H",2,93
"499","Secretaría de Inclusión y Bienestar Social","H",3,3
"500","Secretaría de Inclusión y Bienestar Social","H",4,4
"501","Secretaría de Inclusión y Bienestar Social","H",5,1
"502","Secretaría de Inclusión y Bienestar Social","M",1,3374
"503","Secretaría de Inclusión y Bienestar Social","M",2,78
"504","Secretaría de Inclusión y Bienestar Social","M",3,2
"505","Secretaría de Inclusión y Bienestar Social","M",4,4
"506","Secretaría de Inclusión y Bienestar Social",NA,1,145
"507","Secretaría de Inclusión y Bienestar Social",NA,2,6
"508","Secretaría de Inclusión y Bienestar Social",NA,3,1
"509","Secretaría de Inclusión y Bienestar Social",NA,5,1
"510","Secretaria de la Contraloría General","H",1,189
"511","Secretaria de la Contraloría General","H",2,114
"512","Secretaria de la Contraloría General","H",3,33
"513","Secretaria de la Contraloría General","H",4,2
"514","Secretaria de la Contraloría General","H",5,1
"515","Secretaria de la Contraloría General","M",1,248
"516","Secretaria de la Contraloría General","M",2,127
"517","Secretaria de la Contraloría General","M",3,21
"518","Secretaria de la Contraloría General","M",4,2
"519","Secretaria de la Contraloría General",NA,1,14
"520","Secretaria de la Contraloría General",NA,2,5
"521","Secretaria de la Contraloría General",NA,4,1
"522","Secretaría de las Mujeres","H",1,79
"523","Secretaría de las Mujeres","H",2,4
"524","Secretaría de las Mujeres","H",3,1
"525","Secretaría de las Mujeres","H",4,1
"526","Secretaría de las Mujeres","M",1,559
"527","Secretaría de las Mujeres","M",2,41
"528","Secretaría de las Mujeres","M",3,7
"529","Secretaría de las Mujeres","M",4,4
"530","Secretaría de las Mujeres","M",5,1
"531","Secretaría de las Mujeres",NA,1,19
"532","Secretaría de las Mujeres",NA,2,1
"533","Secretaría de las Mujeres",NA,3,1
"534","Secretaría de las Mujeres",NA,4,1
"535","Secretaría de Movilidad","H",1,939
"536","Secretaría de Movilidad","H",2,78
"537","Secretaría de Movilidad","H",3,11
"538","Secretaría de Movilidad","H",4,8
"539","Secretaría de Movilidad","H",5,4
"540","Secretaría de Movilidad","M",1,589
"541","Secretaría de Movilidad","M",2,68
"542","Secretaría de Movilidad","M",3,9
"543","Secretaría de Movilidad","M",4,4
"544","Secretaría de Movilidad",NA,1,31
"545","Secretaría de Movilidad",NA,2,4
"546","Secretaría de Movilidad",NA,3,1
"547","Secretaría de Movilidad",NA,4,1
"548","Secretaría de Obras y Servicios","H",1,2903
"549","Secretaría de Obras y Servicios","H",2,183
"550","Secretaría de Obras y Servicios","H",3,23
"551","Secretaría de Obras y Servicios","H",4,7
"552","Secretaría de Obras y Servicios","H",5,1
"553","Secretaría de Obras y Servicios","M",1,1923
"554","Secretaría de Obras y Servicios","M",2,69
"555","Secretaría de Obras y Servicios","M",3,6
"556","Secretaría de Obras y Servicios","M",4,4
"557","Secretaría de Obras y Servicios",NA,1,114
"558","Secretaría de Obras y Servicios",NA,2,6
"559","Secretaría de Obras y Servicios",NA,3,1
"560","Secretaría De Pueblos Y Barrios Originarios Y Comunidades Indígenas Residentes","H",1,46
"561","Secretaría De Pueblos Y Barrios Originarios Y Comunidades Indígenas Residentes","H",2,11
"562","Secretaría De Pueblos Y Barrios Originarios Y Comunidades Indígenas Residentes","H",3,2
"563","Secretaría De Pueblos Y Barrios Originarios Y Comunidades Indígenas Residentes","H",4,2
"564","Secretaría De Pueblos Y Barrios Originarios Y Comunidades Indígenas Residentes","M",1,52
"565","Secretaría De Pueblos Y Barrios Originarios Y Comunidades Indígenas Residentes","M",2,11
"566","Secretaría De Pueblos Y Barrios Originarios Y Comunidades Indígenas Residentes","M",3,1
"567","Secretaría De Pueblos Y Barrios Originarios Y Comunidades Indígenas Residentes","M",4,1
"568","Secretaría De Pueblos Y Barrios Originarios Y Comunidades Indígenas Residentes","M",5,1
"569","Secretaría De Pueblos Y Barrios Originarios Y Comunidades Indígenas Residentes",NA,1,5
"570","Secretaría De Pueblos Y Barrios Originarios Y Comunidades Indígenas Residentes",NA,2,3
"571","Secretaría De Pueblos Y Barrios Originarios Y Comunidades Indígenas Residentes",NA,3,1
"572","Secretaría de Salud","H",1,7235
"573","Secretaría de Salud","H",2,2680
"574","Secretaría de Salud","H",3,68
"575","Secretaría de Salud","H",4,3
"576","Secretaría de Salud","H",5,1
"577","Secretaría de Salud","M",1,11275
"578","Secretaría de Salud","M",2,3312
"579","Secretaría de Salud","M",3,47
"580","Secretaría de Salud","M",4,3
"581","Secretaría de Salud","M",5,1
"582","Secretaría de Salud",NA,1,576
"583","Secretaría de Salud",NA,2,223
"584","Secretaría de Salud",NA,3,7
"585","Secretaría de Seguridad Ciudadana","H",1,30275
"586","Secretaría de Seguridad Ciudadana","H",2,829
"587","Secretaría de Seguridad Ciudadana","H",3,129
"588","Secretaría de Seguridad Ciudadana","H",4,45
"589","Secretaría de Seguridad Ciudadana","H",5,12
"590","Secretaría de Seguridad Ciudadana","M",1,11836
"591","Secretaría de Seguridad Ciudadana","M",2,349
"592","Secretaría de Seguridad Ciudadana","M",3,30
"593","Secretaría de Seguridad Ciudadana","M",4,13
"594","Secretaría de Seguridad Ciudadana","M",5,2
"595","Secretaría de Seguridad Ciudadana",NA,1,1209
"596","Secretaría de Seguridad Ciudadana",NA,2,18
"597","Secretaría de Seguridad Ciudadana",NA,3,7
"598","Secretaría de Seguridad Ciudadana",NA,4,1
"599","Secretaría de Turismo","H",1,53
"600","Secretaría de Turismo","H",2,7
"601","Secretaría de Turismo","H",3,4
"602","Secretaría de Turismo","H",4,5
"603","Secretaría de Turismo","H",5,1
"604","Secretaría de Turismo","M",1,74
"605","Secretaría de Turismo","M",2,6
"606","Secretaría de Turismo","M",3,2
"607","Secretaría de Turismo","M",4,2
"608","Secretaría de Turismo",NA,1,3
"609","Secretaría de Turismo",NA,3,1
"610","Secretaría del Medio Ambiente","H",1,2085
"611","Secretaría del Medio Ambiente","H",2,89
"612","Secretaría del Medio Ambiente","H",3,14
"613","Secretaría del Medio Ambiente","H",4,8
"614","Secretaría del Medio Ambiente","M",1,1424
"615","Secretaría del Medio Ambiente","M",2,55
"616","Secretaría del Medio Ambiente","M",3,12
"617","Secretaría del Medio Ambiente","M",4,4
"618","Secretaría del Medio Ambiente","M",5,1
"619","Secretaría del Medio Ambiente",NA,1,87
"620","Secretaría del Medio Ambiente",NA,2,5
"621","Secretaría del Trabajo y Fomento al Empleo","H",1,214
"622","Secretaría del Trabajo y Fomento al Empleo","H",2,7
"623","Secretaría del Trabajo y Fomento al Empleo","H",3,7
"624","Secretaría del Trabajo y Fomento al Empleo","H",4,3
"625","Secretaría del Trabajo y Fomento al Empleo","M",1,329
"626","Secretaría del Trabajo y Fomento al Empleo","M",2,18
"627","Secretaría del Trabajo y Fomento al Empleo","M",3,5
"628","Secretaría del Trabajo y Fomento al Empleo","M",4,3
"629","Secretaría del Trabajo y Fomento al Empleo","M",5,1
"630","Secretaría del Trabajo y Fomento al Empleo",NA,1,15
"631","Sistema de Aguas de La Ciudad De México","H",1,9223
"632","Sistema de Aguas de La Ciudad De México","H",2,159
"633","Sistema de Aguas de La Ciudad De México","H",3,21
"634","Sistema de Aguas de La Ciudad De México","H",4,2
"635","Sistema de Aguas de La Ciudad De México","H",5,2
"636","Sistema de Aguas de La Ciudad De México","M",1,2519
"637","Sistema de Aguas de La Ciudad De México","M",2,44
"638","Sistema de Aguas de La Ciudad De México","M",3,2
"639","Sistema de Aguas de La Ciudad De México","M",4,2
"640","Sistema de Aguas de La Ciudad De México",NA,1,203
"641","Sistema de Aguas de La Ciudad De México",NA,2,4
"642","Sistema Público De Radiodifusión De La Ciudad De México","H",1,33
"643","Sistema Público De Radiodifusión De La Ciudad De México","H",2,2
"644","Sistema Público De Radiodifusión De La Ciudad De México","H",3,1
"645","Sistema Público De Radiodifusión De La Ciudad De México","H",4,1
"646","Sistema Público De Radiodifusión De La Ciudad De México","M",1,20
"647","Sistema Público De Radiodifusión De La Ciudad De México","M",3,2
"648","Sistema Público De Radiodifusión De La Ciudad De México",NA,1,2
"649","Universidad de la Policía De La Ciudad De México","H",1,200
"650","Universidad de la Policía De La Ciudad De México","H",2,20
"651","Universidad de la Policía De La Ciudad De México","H",3,2
"652","Universidad de la Policía De La Ciudad De México","H",5,1
"653","Universidad de la Policía De La Ciudad De México","M",1,146
"654","Universidad de la Policía De La Ciudad De México","M",2,8
"655","Universidad de la Policía De La Ciudad De México","M",3,2
"656","Universidad de la Policía De La Ciudad De México",NA,1,5
"657","Universidad de la Policía De La Ciudad De México",NA,2,1
"658","Universidad de la Salud","H",1,4
"659","Universidad de la Salud","H",2,16
"660","Universidad de la Salud","H",3,1
"661","Universidad de la Salud","H",4,2
"662","Universidad de la Salud","M",1,6
"663","Universidad de la Salud","M",2,9
"664","Universidad de la Salud","M",3,7
"665","Universidad de la Salud",NA,3,1
